-- phpMyAdmin SQL Dump
-- version 4.8.1
-- https://www.phpmyadmin.net/
--
-- Host: 127.0.0.1
-- Generation Time: Nov 26, 2021 at 10:13 AM
-- Server version: 10.1.33-MariaDB
-- PHP Version: 7.2.6

SET SQL_MODE = "NO_AUTO_VALUE_ON_ZERO";
SET AUTOCOMMIT = 0;
START TRANSACTION;
SET time_zone = "+00:00";


/*!40101 SET @OLD_CHARACTER_SET_CLIENT=@@CHARACTER_SET_CLIENT */;
/*!40101 SET @OLD_CHARACTER_SET_RESULTS=@@CHARACTER_SET_RESULTS */;
/*!40101 SET @OLD_COLLATION_CONNECTION=@@COLLATION_CONNECTION */;
/*!40101 SET NAMES utf8mb4 */;

--
-- Database: `booking`
--

-- --------------------------------------------------------

--
-- Table structure for table `booking`
--

CREATE TABLE `booking` (
  `bookingId` int(11) NOT NULL,
  `scheduleId` int(11) NOT NULL,
  `confirmed` tinyint(1) NOT NULL,
  `studNo` varchar(9) NOT NULL
) ENGINE=InnoDB DEFAULT CHARSET=latin1;

--
-- Dumping data for table `booking`
--

INSERT INTO `booking` (`bookingId`, `scheduleId`, `confirmed`, `studNo`) VALUES
(2, 7, 1, '123456789'),
(3, 3, 1, '123456789'),
(4, 1, 1, '123456789');

-- --------------------------------------------------------

--
-- Table structure for table `campus`
--

CREATE TABLE `campus` (
  `campusId` int(11) NOT NULL,
  `campusName` varchar(30) NOT NULL,
  `location` varchar(30) NOT NULL
) ENGINE=InnoDB DEFAULT CHARSET=latin1;

--
-- Dumping data for table `campus`
--

INSERT INTO `campus` (`campusId`, `campusName`, `location`) VALUES
(1, 'Soshanguve South', 'Soshanguve South'),
(2, 'Soshanguve North', 'Soshanguve North'),
(3, 'Mbombela', 'Mbombela'),
(4, 'Arcadia', 'Arcadia'),
(5, 'Pretoria', 'Pretoria'),
(6, 'Arts', 'Arts'),
(7, 'Polokwane', 'Polokwane'),
(8, 'Ga-Rankuwa', 'Ga-Rankuwa'),
(9, 'Emalahleni', 'Emalahleni');

-- --------------------------------------------------------

--
-- Table structure for table `schedule`
--

CREATE TABLE `schedule` (
  `scheduleId` int(11) NOT NULL,
  `time` datetime NOT NULL,
  `destination` int(11) NOT NULL,
  `campus_From` int(11) NOT NULL
) ENGINE=InnoDB DEFAULT CHARSET=latin1;

--
-- Dumping data for table `schedule`
--

INSERT INTO `schedule` (`scheduleId`, `time`, `destination`, `campus_From`) VALUES
(1, '2021-11-26 09:00:00', 1, 5),
(2, '2021-11-26 11:00:00', 1, 5),
(3, '2021-11-26 14:00:00', 1, 5),
(4, '2021-11-26 09:00:00', 4, 5),
(5, '2021-11-25 15:00:00', 5, 8),
(6, '2021-11-26 06:00:00', 5, 8),
(7, '2021-11-25 06:00:00', 5, 8),
(8, '2021-11-26 08:30:00', 5, 8),
(9, '2021-11-25 08:00:00', 5, 8),
(10, '2021-11-26 12:00:00', 5, 8),
(11, '2021-11-25 10:00:00', 5, 8),
(12, '2021-11-26 14:00:00', 5, 8),
(13, '2021-11-29 06:00:00', 5, 1),
(14, '2021-11-29 06:30:00', 5, 2),
(15, '2021-11-29 06:00:00', 5, 1),
(16, '2021-11-29 06:30:00', 5, 2),
(17, '2021-11-29 09:00:00', 5, 1),
(18, '2021-11-29 10:00:00', 5, 2),
(19, '2021-11-29 09:00:00', 5, 1),
(20, '2021-11-29 10:00:00', 5, 2),
(21, '2021-11-29 12:00:00', 5, 1),
(22, '2021-11-29 12:30:00', 5, 2),
(23, '2021-11-29 12:00:00', 5, 1),
(24, '2021-11-29 12:30:00', 5, 2),
(25, '2021-11-29 14:00:00', 4, 1),
(26, '2021-11-29 14:30:00', 4, 2),
(27, '2021-11-29 14:00:00', 4, 1),
(28, '2021-11-29 14:30:00', 4, 2),
(29, '2021-11-29 06:00:00', 4, 1),
(30, '2021-11-29 06:30:00', 4, 2),
(31, '2021-11-29 06:00:00', 4, 1),
(32, '2021-11-29 06:30:00', 4, 2),
(33, '2021-11-29 11:00:00', 4, 1),
(34, '2021-11-29 09:00:00', 4, 2),
(35, '2021-11-29 06:00:00', 1, 2),
(36, '2021-11-29 07:00:00', 1, 2),
(37, '2021-11-29 11:00:00', 4, 1),
(38, '2021-11-29 09:00:00', 4, 2),
(39, '2021-11-29 06:00:00', 1, 2),
(40, '2021-11-29 07:00:00', 1, 2),
(41, '2021-11-29 12:00:00', 2, 1),
(42, '2021-11-29 11:30:00', 1, 2),
(43, '2021-11-29 13:30:00', 1, 2),
(44, '2021-11-29 12:00:00', 2, 1),
(45, '2021-11-29 11:30:00', 1, 2),
(46, '2021-11-29 13:30:00', 1, 2),
(47, '2021-11-29 13:00:00', 1, 4),
(48, '2021-11-29 14:30:00', 2, 4),
(49, '2021-11-29 17:00:00', 1, 4),
(50, '2021-11-29 19:00:00', 2, 4),
(51, '2021-11-29 13:00:00', 1, 4),
(52, '2021-11-29 14:30:00', 2, 4),
(53, '2021-11-29 17:00:00', 1, 4),
(54, '2021-11-29 19:00:00', 2, 4),
(55, '2021-11-29 08:00:00', 5, 4),
(56, '2021-11-29 10:30:00', 5, 4),
(57, '2021-11-29 13:00:00', 5, 4),
(58, '2021-11-29 13:30:00', 5, 4),
(59, '2021-11-29 15:00:00', 5, 4),
(60, '2021-11-29 08:00:00', 5, 4),
(61, '2021-11-29 10:30:00', 5, 4),
(62, '2021-11-29 13:00:00', 5, 4),
(63, '2021-11-29 13:30:00', 5, 4),
(64, '2021-11-29 15:00:00', 5, 4),
(65, '2021-11-30 05:00:00', 5, 1),
(66, '2021-11-30 05:00:00', 5, 2),
(67, '2021-11-30 05:00:00', 5, 3),
(68, '2021-11-30 05:00:00', 5, 4),
(69, '2021-11-30 05:00:00', 5, 6),
(70, '2021-11-30 05:00:00', 5, 7),
(71, '2021-11-30 05:00:00', 5, 8),
(72, '2021-11-30 05:00:00', 5, 9),
(73, '2021-11-30 05:00:00', 4, 1),
(74, '2021-11-30 05:00:00', 4, 2),
(75, '2021-11-30 05:00:00', 4, 3),
(76, '2021-11-30 05:00:00', 4, 5),
(77, '2021-11-30 05:00:00', 4, 6),
(78, '2021-11-30 05:00:00', 4, 7),
(79, '2021-11-30 05:00:00', 4, 8),
(80, '2021-11-30 05:00:00', 4, 9),
(81, '2021-11-30 05:00:00', 1, 6),
(82, '2021-11-30 05:00:00', 8, 6),
(83, '2021-11-30 05:00:00', 1, 8),
(84, '2021-11-30 05:00:00', 6, 8),
(85, '2021-11-30 06:00:00', 1, 5),
(86, '2021-11-30 06:00:00', 2, 5),
(87, '2021-11-30 06:00:00', 3, 5),
(88, '2021-11-30 06:00:00', 4, 5),
(89, '2021-11-30 06:00:00', 6, 5),
(90, '2021-11-30 06:00:00', 7, 5),
(91, '2021-11-30 06:00:00', 8, 5),
(92, '2021-11-30 06:00:00', 9, 5),
(93, '2021-11-30 06:00:00', 2, 1),
(94, '2021-11-30 06:00:00', 8, 1),
(95, '2021-11-30 06:00:00', 6, 1),
(96, '2021-11-30 07:00:00', 5, 2),
(97, '2021-11-30 07:00:00', 5, 3),
(98, '2021-11-30 07:00:00', 5, 4),
(99, '2021-11-30 07:00:00', 5, 6),
(100, '2021-11-30 07:00:00', 5, 7),
(101, '2021-11-30 07:00:00', 5, 8),
(102, '2021-11-30 07:00:00', 5, 9),
(103, '2021-11-30 07:00:00', 4, 1),
(104, '2021-11-30 07:00:00', 4, 2),
(105, '2021-11-30 07:00:00', 4, 3),
(106, '2021-11-30 07:00:00', 4, 5),
(107, '2021-11-30 07:00:00', 4, 6),
(108, '2021-11-30 07:00:00', 4, 7),
(109, '2021-11-30 07:00:00', 4, 8),
(110, '2021-11-30 07:00:00', 4, 9),
(111, '2021-11-30 07:00:00', 1, 6),
(112, '2021-11-30 07:00:00', 8, 6),
(113, '2021-11-30 07:00:00', 1, 8),
(114, '2021-11-30 07:00:00', 6, 8),
(115, '2021-11-30 05:00:00', 5, 1),
(116, '2021-11-30 05:00:00', 5, 2),
(117, '2021-11-30 05:00:00', 5, 3),
(118, '2021-11-30 05:00:00', 5, 4),
(119, '2021-11-30 05:00:00', 5, 6),
(120, '2021-11-30 05:00:00', 5, 7),
(121, '2021-11-30 05:00:00', 5, 8),
(122, '2021-11-30 05:00:00', 5, 9),
(123, '2021-11-30 05:00:00', 4, 1),
(124, '2021-11-30 05:00:00', 4, 2),
(125, '2021-11-30 05:00:00', 4, 3),
(126, '2021-11-30 05:00:00', 4, 5),
(127, '2021-11-30 05:00:00', 4, 6),
(128, '2021-11-30 05:00:00', 4, 7),
(129, '2021-11-30 05:00:00', 4, 8),
(130, '2021-11-30 05:00:00', 4, 9),
(131, '2021-11-30 05:00:00', 1, 6),
(132, '2021-11-30 05:00:00', 8, 6),
(133, '2021-11-30 05:00:00', 1, 8),
(134, '2021-11-30 05:00:00', 6, 8),
(135, '2021-11-30 06:00:00', 1, 5),
(136, '2021-11-30 06:00:00', 2, 5),
(137, '2021-11-30 06:00:00', 3, 5),
(138, '2021-11-30 06:00:00', 4, 5),
(139, '2021-11-30 06:00:00', 6, 5),
(140, '2021-11-30 06:00:00', 7, 5),
(141, '2021-11-30 06:00:00', 8, 5),
(142, '2021-11-30 06:00:00', 9, 5),
(143, '2021-11-30 06:00:00', 2, 1),
(144, '2021-11-30 06:00:00', 8, 1),
(145, '2021-11-30 06:00:00', 6, 1),
(146, '2021-11-30 07:00:00', 5, 1),
(147, '2021-11-30 07:00:00', 5, 2),
(148, '2021-11-30 07:00:00', 5, 3),
(149, '2021-11-30 07:00:00', 5, 4),
(150, '2021-11-30 07:00:00', 5, 6),
(151, '2021-11-30 07:00:00', 5, 7),
(152, '2021-11-30 07:00:00', 5, 8),
(153, '2021-11-30 07:00:00', 5, 9),
(154, '2021-11-30 07:00:00', 4, 1),
(155, '2021-11-30 07:00:00', 4, 2),
(156, '2021-11-30 07:00:00', 4, 3),
(157, '2021-11-30 07:00:00', 4, 5),
(158, '2021-11-30 07:00:00', 4, 6),
(159, '2021-11-30 07:00:00', 4, 7),
(160, '2021-11-30 07:00:00', 4, 8),
(161, '2021-11-30 07:00:00', 4, 9),
(162, '2021-11-30 07:00:00', 1, 6),
(163, '2021-11-30 07:00:00', 8, 6),
(164, '2021-11-30 07:00:00', 1, 8),
(165, '2021-11-30 07:00:00', 6, 8),
(166, '2021-11-30 09:00:00', 5, 1),
(167, '2021-11-30 09:00:00', 5, 2),
(168, '2021-11-30 09:00:00', 5, 3),
(169, '2021-11-30 09:00:00', 5, 4),
(170, '2021-11-30 09:00:00', 5, 6),
(171, '2021-11-30 09:00:00', 5, 7),
(172, '2021-11-30 09:00:00', 5, 8),
(173, '2021-11-30 09:00:00', 5, 9),
(174, '2021-11-30 09:00:00', 4, 1),
(175, '2021-11-30 09:00:00', 4, 2),
(176, '2021-11-30 09:00:00', 4, 3),
(177, '2021-11-30 09:00:00', 4, 5),
(178, '2021-11-30 09:00:00', 4, 6),
(179, '2021-11-30 09:00:00', 4, 7),
(180, '2021-11-30 09:00:00', 4, 8),
(181, '2021-11-30 09:00:00', 4, 9),
(182, '2021-11-30 09:00:00', 1, 6),
(183, '2021-11-30 09:00:00', 8, 6),
(184, '2021-11-30 09:00:00', 1, 8),
(185, '2021-11-30 09:00:00', 6, 8),
(186, '2021-11-30 07:00:00', 5, 1),
(187, '2021-11-30 07:00:00', 5, 2),
(188, '2021-11-30 07:00:00', 5, 3),
(189, '2021-11-30 11:00:00', 5, 4),
(190, '2021-11-30 11:00:00', 5, 6),
(191, '2021-11-30 11:00:00', 5, 7),
(192, '2021-11-30 11:00:00', 5, 8),
(193, '2021-11-30 11:00:00', 5, 9),
(194, '2021-11-30 11:00:00', 4, 1),
(195, '2021-11-30 11:00:00', 4, 2),
(196, '2021-11-30 11:00:00', 4, 3),
(197, '2021-11-30 11:00:00', 4, 5),
(198, '2021-11-30 11:00:00', 4, 6),
(199, '2021-11-30 11:00:00', 4, 7),
(200, '2021-11-30 11:00:00', 4, 8),
(201, '2021-11-30 11:00:00', 4, 9),
(202, '2021-11-30 11:00:00', 1, 6),
(203, '2021-11-30 11:00:00', 8, 6),
(204, '2021-11-30 11:00:00', 1, 8),
(205, '2021-11-30 11:00:00', 6, 8),
(206, '2021-11-30 13:00:00', 5, 1),
(207, '2021-11-30 13:00:00', 5, 2),
(208, '2021-11-30 13:00:00', 5, 3),
(209, '2021-11-30 13:00:00', 5, 4),
(210, '2021-11-30 13:00:00', 5, 6),
(211, '2021-11-30 13:00:00', 5, 7),
(212, '2021-11-30 13:00:00', 5, 8),
(213, '2021-11-30 13:00:00', 5, 9),
(214, '2021-11-30 13:00:00', 4, 1),
(215, '2021-11-30 13:00:00', 4, 2),
(216, '2021-11-30 13:00:00', 4, 3),
(217, '2021-11-30 13:00:00', 4, 5),
(218, '2021-11-30 13:00:00', 4, 6),
(219, '2021-11-30 13:00:00', 4, 7),
(220, '2021-11-30 13:00:00', 4, 8),
(221, '2021-11-30 13:00:00', 4, 9),
(222, '2021-11-30 13:00:00', 1, 6),
(223, '2021-11-30 13:00:00', 8, 6),
(224, '2021-11-30 13:00:00', 1, 8),
(225, '2021-11-30 13:00:00', 6, 8),
(226, '2021-11-30 15:00:00', 5, 1),
(227, '2021-11-30 15:00:00', 5, 2),
(228, '2021-11-30 15:00:00', 5, 3),
(229, '2021-11-30 15:00:00', 5, 4),
(230, '2021-11-30 15:00:00', 5, 6),
(231, '2021-11-30 15:00:00', 5, 7),
(232, '2021-11-30 15:00:00', 5, 8),
(233, '2021-11-30 15:00:00', 5, 9),
(234, '2021-11-30 15:00:00', 4, 1),
(235, '2021-11-30 15:00:00', 4, 2),
(236, '2021-11-30 15:00:00', 4, 3),
(237, '2021-11-30 15:00:00', 4, 5),
(238, '2021-11-30 15:00:00', 4, 6),
(239, '2021-11-30 15:00:00', 4, 7),
(240, '2021-11-30 15:00:00', 4, 8),
(241, '2021-11-30 15:00:00', 4, 9),
(242, '2021-11-30 15:00:00', 1, 6),
(243, '2021-11-30 15:00:00', 8, 6),
(244, '2021-11-30 15:00:00', 1, 8),
(245, '2021-11-30 15:00:00', 6, 8),
(246, '2021-11-30 17:00:00', 5, 1),
(247, '2021-11-30 17:00:00', 5, 2),
(248, '2021-11-30 17:00:00', 5, 3),
(249, '2021-11-30 17:00:00', 5, 4),
(250, '2021-11-30 17:00:00', 5, 6),
(251, '2021-11-30 17:00:00', 5, 7),
(252, '2021-11-30 17:00:00', 5, 8),
(253, '2021-11-30 17:00:00', 5, 9),
(254, '2021-11-30 17:00:00', 4, 1),
(255, '2021-11-30 17:00:00', 4, 2),
(256, '2021-11-30 17:00:00', 4, 3),
(257, '2021-11-30 17:00:00', 4, 5),
(258, '2021-11-30 17:00:00', 4, 6),
(259, '2021-11-30 17:00:00', 4, 7),
(260, '2021-11-30 17:00:00', 4, 8),
(261, '2021-11-30 17:00:00', 4, 9),
(262, '2021-11-30 17:00:00', 1, 6),
(263, '2021-11-30 17:00:00', 8, 6),
(264, '2021-11-30 17:00:00', 1, 8),
(265, '2021-11-30 17:00:00', 6, 8),
(266, '2021-11-30 19:00:00', 5, 1),
(267, '2021-11-30 19:00:00', 5, 2),
(268, '2021-11-30 19:00:00', 5, 3),
(269, '2021-11-30 19:00:00', 5, 4),
(270, '2021-11-30 19:00:00', 5, 6),
(271, '2021-11-30 19:00:00', 5, 7),
(272, '2021-11-30 19:00:00', 5, 8),
(273, '2021-11-30 19:00:00', 5, 9),
(274, '2021-11-30 19:00:00', 4, 1),
(275, '2021-11-30 19:00:00', 4, 2),
(276, '2021-11-30 19:00:00', 4, 3),
(277, '2021-11-30 19:00:00', 4, 5),
(278, '2021-11-30 19:00:00', 4, 6),
(279, '2021-11-30 19:00:00', 4, 7),
(280, '2021-11-30 19:00:00', 4, 8),
(281, '2021-11-30 19:00:00', 4, 9),
(282, '2021-11-30 19:00:00', 1, 6),
(283, '2021-11-30 19:00:00', 8, 6),
(284, '2021-11-30 19:00:00', 1, 8),
(285, '2021-11-30 19:00:00', 6, 8),
(286, '2021-11-30 21:00:00', 5, 1),
(287, '2021-11-30 21:00:00', 5, 2),
(288, '2021-11-30 21:00:00', 5, 3),
(289, '2021-11-30 21:00:00', 5, 4),
(290, '2021-11-30 21:00:00', 5, 6),
(291, '2021-11-30 21:00:00', 5, 7),
(292, '2021-11-30 21:00:00', 5, 8),
(293, '2021-11-30 21:00:00', 5, 9),
(294, '2021-11-30 21:00:00', 4, 1),
(295, '2021-11-30 21:00:00', 4, 2),
(296, '2021-11-30 21:00:00', 4, 3),
(297, '2021-11-30 21:00:00', 4, 5),
(298, '2021-11-30 21:00:00', 4, 6),
(299, '2021-11-30 21:00:00', 4, 7),
(300, '2021-11-30 21:00:00', 4, 8),
(301, '2021-11-30 21:00:00', 4, 9),
(302, '2021-11-30 21:00:00', 1, 6),
(303, '2021-11-30 21:00:00', 8, 6),
(304, '2021-11-30 21:00:00', 1, 8),
(305, '2021-11-30 21:00:00', 6, 8),
(306, '2021-11-30 08:00:00', 1, 5),
(307, '2021-11-30 08:00:00', 2, 5),
(308, '2021-11-30 08:00:00', 3, 5),
(309, '2021-11-30 08:00:00', 4, 5),
(310, '2021-11-30 08:00:00', 6, 5),
(311, '2021-11-30 08:00:00', 7, 5),
(312, '2021-11-30 08:00:00', 8, 5),
(313, '2021-11-30 08:00:00', 9, 5),
(314, '2021-11-30 08:00:00', 2, 1),
(315, '2021-11-30 08:00:00', 8, 1),
(316, '2021-11-30 08:00:00', 6, 1),
(317, '2021-11-30 10:00:00', 1, 5),
(318, '2021-11-30 10:00:00', 2, 5),
(319, '2021-11-30 10:00:00', 3, 5),
(320, '2021-11-30 10:00:00', 4, 5),
(321, '2021-11-30 10:00:00', 6, 5),
(322, '2021-11-30 10:00:00', 7, 5),
(323, '2021-11-30 10:00:00', 8, 5),
(324, '2021-11-30 10:00:00', 9, 5),
(325, '2021-11-30 10:00:00', 2, 1),
(326, '2021-11-30 10:00:00', 8, 1),
(327, '2021-11-30 10:00:00', 6, 1),
(328, '2021-11-30 12:00:00', 1, 5),
(329, '2021-11-30 12:00:00', 2, 5),
(330, '2021-11-30 12:00:00', 3, 5),
(331, '2021-11-30 12:00:00', 4, 5),
(332, '2021-11-30 12:00:00', 6, 5),
(333, '2021-11-30 12:00:00', 7, 5),
(334, '2021-11-30 12:00:00', 8, 5),
(335, '2021-11-30 12:00:00', 9, 5),
(336, '2021-11-30 12:00:00', 2, 1),
(337, '2021-11-30 12:00:00', 8, 1),
(338, '2021-11-30 12:00:00', 6, 1),
(339, '2021-11-30 14:00:00', 1, 5),
(340, '2021-11-30 14:00:00', 2, 5),
(341, '2021-11-30 14:00:00', 3, 5),
(342, '2021-11-30 14:00:00', 4, 5),
(343, '2021-11-30 14:00:00', 6, 5),
(344, '2021-11-30 14:00:00', 7, 5),
(345, '2021-11-30 14:00:00', 8, 5),
(346, '2021-11-30 14:00:00', 9, 5),
(347, '2021-11-30 14:00:00', 2, 1),
(348, '2021-11-30 14:00:00', 8, 1),
(349, '2021-11-30 14:00:00', 6, 1),
(350, '2021-11-30 16:00:00', 1, 5),
(351, '2021-11-30 16:00:00', 2, 5),
(352, '2021-11-30 16:00:00', 3, 5),
(353, '2021-11-30 16:00:00', 4, 5),
(354, '2021-11-30 16:00:00', 6, 5),
(355, '2021-11-30 16:00:00', 7, 5),
(356, '2021-11-30 16:00:00', 8, 5),
(357, '2021-11-30 16:00:00', 9, 5),
(358, '2021-11-30 16:00:00', 2, 1),
(359, '2021-11-30 16:00:00', 8, 1),
(360, '2021-11-30 16:00:00', 6, 1),
(361, '2021-11-30 18:00:00', 1, 5),
(362, '2021-11-30 18:00:00', 2, 5),
(363, '2021-11-30 18:00:00', 3, 5),
(364, '2021-11-30 18:00:00', 4, 5),
(365, '2021-11-30 18:00:00', 6, 5),
(366, '2021-11-30 18:00:00', 7, 5),
(367, '2021-11-30 18:00:00', 8, 5),
(368, '2021-11-30 18:00:00', 9, 5),
(369, '2021-11-30 18:00:00', 2, 1),
(370, '2021-11-30 18:00:00', 8, 1),
(371, '2021-11-30 18:00:00', 6, 1),
(372, '2021-11-30 06:00:00', 1, 5),
(373, '2021-11-30 20:00:00', 2, 5),
(374, '2021-11-30 20:00:00', 3, 5),
(375, '2021-11-30 20:00:00', 4, 5),
(376, '2021-11-30 20:00:00', 6, 5),
(377, '2021-11-30 20:00:00', 7, 5),
(378, '2021-11-30 20:00:00', 8, 5),
(379, '2021-11-30 20:00:00', 9, 5),
(380, '2021-11-30 20:00:00', 2, 1),
(381, '2021-11-30 20:00:00', 8, 1),
(382, '2021-11-30 20:00:00', 6, 1),
(383, '2021-11-30 22:00:00', 1, 5),
(384, '2021-11-30 22:00:00', 2, 5),
(385, '2021-11-30 22:00:00', 3, 5),
(386, '2021-11-30 22:00:00', 4, 5),
(387, '2021-11-30 22:00:00', 6, 5),
(388, '2021-11-30 22:00:00', 7, 5),
(389, '2021-11-30 22:00:00', 8, 5),
(390, '2021-11-30 22:00:00', 9, 5),
(391, '2021-11-30 22:00:00', 2, 1),
(392, '2021-11-30 22:00:00', 8, 1),
(393, '2021-11-30 22:00:00', 6, 1),
(394, '2021-12-03 05:00:00', 5, 1),
(395, '2021-12-03 05:00:00', 5, 2),
(396, '2021-12-03 05:00:00', 5, 3),
(397, '2021-12-03 05:00:00', 5, 4),
(398, '2021-12-03 05:00:00', 5, 6),
(399, '2021-12-03 05:00:00', 5, 7),
(400, '2021-12-03 05:00:00', 5, 8),
(401, '2021-12-03 05:00:00', 5, 9),
(402, '2021-12-03 05:00:00', 4, 1),
(403, '2021-12-03 05:00:00', 4, 2),
(404, '2021-12-03 05:00:00', 4, 3),
(405, '2021-12-03 05:00:00', 4, 5),
(406, '2021-12-03 05:00:00', 4, 6),
(407, '2021-12-03 05:00:00', 4, 7),
(408, '2021-12-03 05:00:00', 4, 8),
(409, '2021-12-03 05:00:00', 4, 9),
(410, '2021-12-03 05:00:00', 1, 6),
(411, '2021-12-03 05:00:00', 8, 6),
(412, '2021-12-03 05:00:00', 1, 8),
(413, '2021-12-03 05:00:00', 6, 8),
(414, '2021-12-03 06:00:00', 1, 5),
(415, '2021-12-03 06:00:00', 2, 5),
(416, '2021-12-03 06:00:00', 3, 5),
(417, '2021-12-03 06:00:00', 4, 5),
(418, '2021-12-03 06:00:00', 6, 5),
(419, '2021-12-03 06:00:00', 7, 5),
(420, '2021-12-03 06:00:00', 8, 5),
(421, '2021-12-03 06:00:00', 9, 5),
(422, '2021-12-03 06:00:00', 2, 1),
(423, '2021-12-03 06:00:00', 8, 1),
(424, '2021-12-03 06:00:00', 6, 1),
(425, '2021-12-03 07:00:00', 5, 1),
(426, '2021-12-03 07:00:00', 5, 2),
(427, '2021-12-03 07:00:00', 5, 3),
(428, '2021-12-03 07:00:00', 5, 4),
(429, '2021-12-03 07:00:00', 5, 6),
(430, '2021-12-03 07:00:00', 5, 7),
(431, '2021-12-03 07:00:00', 5, 8),
(432, '2021-12-03 07:00:00', 5, 9),
(433, '2021-12-03 07:00:00', 4, 1),
(434, '2021-12-03 07:00:00', 4, 2),
(435, '2021-12-03 07:00:00', 4, 3),
(436, '2021-12-03 07:00:00', 4, 5),
(437, '2021-12-03 07:00:00', 4, 6),
(438, '2021-12-03 07:00:00', 4, 7),
(439, '2021-12-03 07:00:00', 4, 8),
(440, '2021-12-03 07:00:00', 4, 9),
(441, '2021-12-03 07:00:00', 1, 6),
(442, '2021-12-03 07:00:00', 8, 6),
(443, '2021-12-03 07:00:00', 1, 8),
(444, '2021-12-03 07:00:00', 6, 8),
(445, '2021-12-03 09:00:00', 5, 1),
(446, '2021-12-03 09:00:00', 5, 2),
(447, '2021-12-03 09:00:00', 5, 3),
(448, '2021-12-03 09:00:00', 5, 4),
(449, '2021-12-03 09:00:00', 5, 6),
(450, '2021-12-03 09:00:00', 5, 7),
(451, '2021-12-03 09:00:00', 5, 8),
(452, '2021-12-03 09:00:00', 5, 9),
(453, '2021-12-03 09:00:00', 4, 1),
(454, '2021-12-03 09:00:00', 4, 2),
(455, '2021-12-03 09:00:00', 4, 3),
(456, '2021-12-03 09:00:00', 4, 5),
(457, '2021-12-03 09:00:00', 4, 6),
(458, '2021-12-03 09:00:00', 4, 7),
(459, '2021-12-03 09:00:00', 4, 8),
(460, '2021-12-03 09:00:00', 4, 9),
(461, '2021-12-03 09:00:00', 1, 6),
(462, '2021-12-03 09:00:00', 8, 6),
(463, '2021-12-03 09:00:00', 1, 8),
(464, '2021-12-03 09:00:00', 6, 8),
(465, '2021-12-03 07:00:00', 5, 1),
(466, '2021-12-03 07:00:00', 5, 2),
(467, '2021-12-03 07:00:00', 5, 3),
(468, '2021-12-03 11:00:00', 5, 4),
(469, '2021-12-03 11:00:00', 5, 6),
(470, '2021-12-03 11:00:00', 5, 7),
(471, '2021-12-03 11:00:00', 5, 8),
(472, '2021-12-03 11:00:00', 5, 9),
(473, '2021-12-03 11:00:00', 4, 1),
(474, '2021-12-03 11:00:00', 4, 2),
(475, '2021-12-03 11:00:00', 4, 3),
(476, '2021-12-03 11:00:00', 4, 5),
(477, '2021-12-03 11:00:00', 4, 6),
(478, '2021-12-03 11:00:00', 4, 7),
(479, '2021-12-03 11:00:00', 4, 8),
(480, '2021-12-03 11:00:00', 4, 9),
(481, '2021-12-03 11:00:00', 1, 6),
(482, '2021-12-03 11:00:00', 8, 6),
(483, '2021-12-03 11:00:00', 1, 8),
(484, '2021-12-03 11:00:00', 6, 8),
(485, '2021-12-03 13:00:00', 5, 1),
(486, '2021-12-03 13:00:00', 5, 2),
(487, '2021-12-03 13:00:00', 5, 3),
(488, '2021-12-03 13:00:00', 5, 4),
(489, '2021-12-03 13:00:00', 5, 6),
(490, '2021-12-03 13:00:00', 5, 7),
(491, '2021-12-03 13:00:00', 5, 8),
(492, '2021-12-03 13:00:00', 5, 9),
(493, '2021-12-03 13:00:00', 4, 1),
(494, '2021-12-03 13:00:00', 4, 2),
(495, '2021-12-03 13:00:00', 4, 3),
(496, '2021-12-03 13:00:00', 4, 5),
(497, '2021-12-03 13:00:00', 4, 6),
(498, '2021-12-03 13:00:00', 4, 7),
(499, '2021-12-03 13:00:00', 4, 8),
(500, '2021-12-03 13:00:00', 4, 9),
(501, '2021-12-03 13:00:00', 1, 6),
(502, '2021-12-03 13:00:00', 8, 6),
(503, '2021-12-03 13:00:00', 1, 8),
(504, '2021-12-03 13:00:00', 6, 8),
(505, '2021-12-03 15:00:00', 5, 1),
(506, '2021-12-03 15:00:00', 5, 2),
(507, '2021-12-03 15:00:00', 5, 3),
(508, '2021-12-03 15:00:00', 5, 4),
(509, '2021-12-03 15:00:00', 5, 6),
(510, '2021-12-03 15:00:00', 5, 7),
(511, '2021-12-03 15:00:00', 5, 8),
(512, '2021-12-03 15:00:00', 5, 9),
(513, '2021-12-03 15:00:00', 4, 1),
(514, '2021-12-03 15:00:00', 4, 2),
(515, '2021-12-03 15:00:00', 4, 3),
(516, '2021-12-03 15:00:00', 4, 5),
(517, '2021-12-03 15:00:00', 4, 6),
(518, '2021-12-03 15:00:00', 4, 7),
(519, '2021-12-03 15:00:00', 4, 8),
(520, '2021-12-03 15:00:00', 4, 9),
(521, '2021-12-03 15:00:00', 1, 6),
(522, '2021-12-03 15:00:00', 8, 6),
(523, '2021-12-03 15:00:00', 1, 8),
(524, '2021-12-03 15:00:00', 6, 8),
(525, '2021-12-03 17:00:00', 5, 1),
(526, '2021-12-03 17:00:00', 5, 2),
(527, '2021-12-03 17:00:00', 5, 3),
(528, '2021-12-03 17:00:00', 5, 4),
(529, '2021-12-03 17:00:00', 5, 6),
(530, '2021-12-03 17:00:00', 5, 7),
(531, '2021-12-03 17:00:00', 5, 8),
(532, '2021-12-03 17:00:00', 5, 9),
(533, '2021-12-03 17:00:00', 4, 1),
(534, '2021-12-03 17:00:00', 4, 2),
(535, '2021-12-03 17:00:00', 4, 3),
(536, '2021-12-03 17:00:00', 4, 5),
(537, '2021-12-03 17:00:00', 4, 6),
(538, '2021-12-03 17:00:00', 4, 7),
(539, '2021-12-03 17:00:00', 4, 8),
(540, '2021-12-03 17:00:00', 4, 9),
(541, '2021-12-03 17:00:00', 1, 6),
(542, '2021-12-03 17:00:00', 8, 6),
(543, '2021-12-03 17:00:00', 1, 8),
(544, '2021-12-03 17:00:00', 6, 8),
(545, '2021-12-03 19:00:00', 5, 1),
(546, '2021-12-03 19:00:00', 5, 2),
(547, '2021-12-03 19:00:00', 5, 3),
(548, '2021-12-03 19:00:00', 5, 4),
(549, '2021-12-03 19:00:00', 5, 6),
(550, '2021-12-03 19:00:00', 5, 7),
(551, '2021-12-03 19:00:00', 5, 8),
(552, '2021-12-03 19:00:00', 5, 9),
(553, '2021-12-03 19:00:00', 4, 1),
(554, '2021-12-03 19:00:00', 4, 2),
(555, '2021-12-03 19:00:00', 4, 3),
(556, '2021-12-03 19:00:00', 4, 5),
(557, '2021-12-03 19:00:00', 4, 6),
(558, '2021-12-03 19:00:00', 4, 7),
(559, '2021-12-03 19:00:00', 4, 8),
(560, '2021-12-03 19:00:00', 4, 9),
(561, '2021-12-03 19:00:00', 1, 6),
(562, '2021-12-03 19:00:00', 8, 6),
(563, '2021-12-03 19:00:00', 1, 8),
(564, '2021-12-03 19:00:00', 6, 8),
(565, '2021-12-03 21:00:00', 5, 1),
(566, '2021-12-03 21:00:00', 5, 2),
(567, '2021-12-03 21:00:00', 5, 3),
(568, '2021-12-03 21:00:00', 5, 4),
(569, '2021-12-03 21:00:00', 5, 6),
(570, '2021-12-03 21:00:00', 5, 7),
(571, '2021-12-03 21:00:00', 5, 8),
(572, '2021-12-03 21:00:00', 5, 9),
(573, '2021-12-03 21:00:00', 4, 1),
(574, '2021-12-03 21:00:00', 4, 2),
(575, '2021-12-03 21:00:00', 4, 3),
(576, '2021-12-03 21:00:00', 4, 5),
(577, '2021-12-03 21:00:00', 4, 6),
(578, '2021-12-03 21:00:00', 4, 7),
(579, '2021-12-03 21:00:00', 4, 8),
(580, '2021-12-03 21:00:00', 4, 9),
(581, '2021-12-03 21:00:00', 1, 6),
(582, '2021-12-03 21:00:00', 8, 6),
(583, '2021-12-03 21:00:00', 1, 8),
(584, '2021-12-03 21:00:00', 6, 8),
(585, '2021-12-03 08:00:00', 1, 5),
(586, '2021-12-03 08:00:00', 2, 5),
(587, '2021-12-03 08:00:00', 3, 5),
(588, '2021-12-03 08:00:00', 4, 5),
(589, '2021-12-03 08:00:00', 6, 5),
(590, '2021-12-03 08:00:00', 7, 5),
(591, '2021-12-03 08:00:00', 8, 5),
(592, '2021-12-03 08:00:00', 9, 5),
(593, '2021-12-03 08:00:00', 2, 1),
(594, '2021-12-03 08:00:00', 8, 1),
(595, '2021-12-03 08:00:00', 6, 1),
(596, '2021-12-03 10:00:00', 1, 5),
(597, '2021-12-03 10:00:00', 2, 5),
(598, '2021-12-03 10:00:00', 3, 5),
(599, '2021-12-03 10:00:00', 4, 5),
(600, '2021-12-03 10:00:00', 6, 5),
(601, '2021-12-03 10:00:00', 7, 5),
(602, '2021-12-03 10:00:00', 8, 5),
(603, '2021-12-03 10:00:00', 9, 5),
(604, '2021-12-03 10:00:00', 2, 1),
(605, '2021-12-03 10:00:00', 8, 1),
(606, '2021-12-03 10:00:00', 6, 1),
(607, '2021-12-03 12:00:00', 1, 5),
(608, '2021-12-03 12:00:00', 2, 5),
(609, '2021-12-03 12:00:00', 3, 5),
(610, '2021-12-03 12:00:00', 4, 5),
(611, '2021-12-03 12:00:00', 6, 5),
(612, '2021-12-03 12:00:00', 7, 5),
(613, '2021-12-03 12:00:00', 8, 5),
(614, '2021-12-03 12:00:00', 9, 5),
(615, '2021-12-03 12:00:00', 2, 1),
(616, '2021-12-03 12:00:00', 8, 1),
(617, '2021-12-03 12:00:00', 6, 1),
(618, '2021-12-03 14:00:00', 1, 5),
(619, '2021-12-03 14:00:00', 2, 5),
(620, '2021-12-03 14:00:00', 3, 5),
(621, '2021-12-03 14:00:00', 4, 5),
(622, '2021-12-03 14:00:00', 6, 5),
(623, '2021-12-03 14:00:00', 7, 5),
(624, '2021-12-03 14:00:00', 8, 5),
(625, '2021-12-03 14:00:00', 9, 5),
(626, '2021-12-03 14:00:00', 2, 1),
(627, '2021-12-03 14:00:00', 8, 1),
(628, '2021-12-03 14:00:00', 6, 1),
(629, '2021-12-03 16:00:00', 1, 5),
(630, '2021-12-03 16:00:00', 2, 5),
(631, '2021-12-03 16:00:00', 3, 5),
(632, '2021-12-03 16:00:00', 4, 5),
(633, '2021-12-03 16:00:00', 6, 5),
(634, '2021-12-03 16:00:00', 7, 5),
(635, '2021-12-03 16:00:00', 8, 5),
(636, '2021-12-03 16:00:00', 9, 5),
(637, '2021-12-03 16:00:00', 2, 1),
(638, '2021-12-03 16:00:00', 8, 1),
(639, '2021-12-03 16:00:00', 6, 1),
(640, '2021-12-03 18:00:00', 1, 5),
(641, '2021-12-03 18:00:00', 2, 5),
(642, '2021-12-03 18:00:00', 3, 5),
(643, '2021-12-03 18:00:00', 4, 5),
(644, '2021-12-03 18:00:00', 6, 5),
(645, '2021-12-03 18:00:00', 7, 5),
(646, '2021-12-03 18:00:00', 8, 5),
(647, '2021-12-03 18:00:00', 9, 5),
(648, '2021-12-03 18:00:00', 2, 1),
(649, '2021-12-03 18:00:00', 8, 1),
(650, '2021-12-03 18:00:00', 6, 1),
(651, '2021-12-03 06:00:00', 1, 5),
(652, '2021-12-03 20:00:00', 2, 5),
(653, '2021-12-03 20:00:00', 3, 5),
(654, '2021-12-03 20:00:00', 4, 5),
(655, '2021-12-03 20:00:00', 6, 5),
(656, '2021-12-03 20:00:00', 7, 5),
(657, '2021-12-03 20:00:00', 8, 5),
(658, '2021-12-03 20:00:00', 9, 5),
(659, '2021-12-03 20:00:00', 2, 1),
(660, '2021-12-03 20:00:00', 8, 1),
(661, '2021-12-03 20:00:00', 6, 1),
(662, '2021-12-03 22:00:00', 1, 5),
(663, '2021-12-03 22:00:00', 2, 5),
(664, '2021-12-03 22:00:00', 3, 5),
(665, '2021-12-03 22:00:00', 4, 5),
(666, '2021-12-03 22:00:00', 6, 5),
(667, '2021-12-03 22:00:00', 7, 5),
(668, '2021-12-03 22:00:00', 8, 5),
(669, '2021-12-03 22:00:00', 9, 5),
(670, '2021-12-03 22:00:00', 2, 1),
(671, '2021-12-03 22:00:00', 8, 1),
(672, '2021-12-03 22:00:00', 6, 1);

-- --------------------------------------------------------

--
-- Table structure for table `student`
--

CREATE TABLE `student` (
  `studNo` varchar(9) NOT NULL,
  `name` varchar(60) NOT NULL,
  `campusId` int(11) NOT NULL,
  `surname` varchar(60) NOT NULL,
  `email` varchar(60) NOT NULL
) ENGINE=InnoDB DEFAULT CHARSET=latin1;

--
-- Dumping data for table `student`
--

INSERT INTO `student` (`studNo`, `name`, `campusId`, `surname`, `email`) VALUES
('123456789', 'cheyeza', 4, 'Mlondo', 'teckner55@gmail.co '),
('213431366', 'Ntshovelo', 4, 'Makwarela', 'n.makwarela93@gmail.com'),
('215685144', 'cheyeza', 1, 'Mlondo', 'cheyezamlondo55@gmail.com');

-- --------------------------------------------------------

--
-- Table structure for table `user`
--

CREATE TABLE `user` (
  `userId` int(11) NOT NULL,
  `username` varchar(60) NOT NULL,
  `password` varchar(60) NOT NULL,
  `studNo` varchar(9) NOT NULL
) ENGINE=InnoDB DEFAULT CHARSET=latin1;

--
-- Dumping data for table `user`
--

INSERT INTO `user` (`userId`, `username`, `password`, `studNo`) VALUES
(1, 'cheyeza', 'Te1998/5', '215685144'),
(2, 'teckner', '2a3d88ef96d87975df33b2b0487f0ca5', '123456789'),
(3, 'KhanoG', '016fe5f816ac507f9dc2f4e0ad7ea514', '213431366');

-- --------------------------------------------------------

--
-- Stand-in structure for view `view_bookings`
-- (See below for the actual view)
--
CREATE TABLE `view_bookings` (
`bookingId` int(11)
,`studNo` varchar(9)
,`destination` varchar(30)
,`departure` varchar(30)
,`time` datetime
);

-- --------------------------------------------------------

--
-- Stand-in structure for view `view_schedule`
-- (See below for the actual view)
--
CREATE TABLE `view_schedule` (
`scheduleId` int(11)
,`campus_from` varchar(30)
,`destination` varchar(30)
,`time` datetime
,`bookings` bigint(21)
,`location` int(11)
);

-- --------------------------------------------------------

--
-- Structure for view `view_bookings`
--
DROP TABLE IF EXISTS `view_bookings`;

CREATE ALGORITHM=UNDEFINED DEFINER=`root`@`localhost` SQL SECURITY DEFINER VIEW `view_bookings`  AS  select `b`.`bookingId` AS `bookingId`,`b`.`studNo` AS `studNo`,`cd`.`campusName` AS `destination`,`cf`.`campusName` AS `departure`,`s`.`time` AS `time` from (((`booking` `b` left join `schedule` `s` on((`s`.`scheduleId` = `b`.`scheduleId`))) left join `campus` `cd` on((`s`.`destination` = `cd`.`campusId`))) left join `campus` `cf` on((`s`.`campus_From` = `cf`.`campusId`))) ;

-- --------------------------------------------------------

--
-- Structure for view `view_schedule`
--
DROP TABLE IF EXISTS `view_schedule`;

CREATE ALGORITHM=UNDEFINED DEFINER=`root`@`localhost` SQL SECURITY DEFINER VIEW `view_schedule`  AS  select `s`.`scheduleId` AS `scheduleId`,`cf`.`campusName` AS `campus_from`,`cd`.`campusName` AS `destination`,`s`.`time` AS `time`,(select count(0) from `booking` where (`scheduleId` = `s`.`scheduleId`)) AS `bookings`,`cf`.`campusId` AS `location` from ((`schedule` `s` left join `campus` `cf` on((`cf`.`campusId` = `s`.`campus_From`))) left join `campus` `cd` on((`cd`.`campusId` = `s`.`destination`))) ;

--
-- Indexes for dumped tables
--

--
-- Indexes for table `booking`
--
ALTER TABLE `booking`
  ADD PRIMARY KEY (`bookingId`),
  ADD KEY `scheduleId` (`scheduleId`),
  ADD KEY `studNo` (`studNo`);

--
-- Indexes for table `campus`
--
ALTER TABLE `campus`
  ADD PRIMARY KEY (`campusId`);

--
-- Indexes for table `schedule`
--
ALTER TABLE `schedule`
  ADD PRIMARY KEY (`scheduleId`),
  ADD KEY `destination` (`destination`),
  ADD KEY `campus_From` (`campus_From`);

--
-- Indexes for table `student`
--
ALTER TABLE `student`
  ADD PRIMARY KEY (`studNo`),
  ADD UNIQUE KEY `email` (`email`),
  ADD KEY `campusId` (`campusId`);

--
-- Indexes for table `user`
--
ALTER TABLE `user`
  ADD PRIMARY KEY (`userId`),
  ADD UNIQUE KEY `username` (`username`),
  ADD KEY `studNo` (`studNo`);

--
-- AUTO_INCREMENT for dumped tables
--

--
-- AUTO_INCREMENT for table `booking`
--
ALTER TABLE `booking`
  MODIFY `bookingId` int(11) NOT NULL AUTO_INCREMENT, AUTO_INCREMENT=5;

--
-- AUTO_INCREMENT for table `campus`
--
ALTER TABLE `campus`
  MODIFY `campusId` int(11) NOT NULL AUTO_INCREMENT, AUTO_INCREMENT=10;

--
-- AUTO_INCREMENT for table `schedule`
--
ALTER TABLE `schedule`
  MODIFY `scheduleId` int(11) NOT NULL AUTO_INCREMENT, AUTO_INCREMENT=673;

--
-- AUTO_INCREMENT for table `user`
--
ALTER TABLE `user`
  MODIFY `userId` int(11) NOT NULL AUTO_INCREMENT, AUTO_INCREMENT=4;

--
-- Constraints for dumped tables
--

--
-- Constraints for table `booking`
--
ALTER TABLE `booking`
  ADD CONSTRAINT `booking_ibfk_1` FOREIGN KEY (`scheduleId`) REFERENCES `schedule` (`scheduleId`),
  ADD CONSTRAINT `booking_ibfk_2` FOREIGN KEY (`studNo`) REFERENCES `student` (`studNo`);

--
-- Constraints for table `schedule`
--
ALTER TABLE `schedule`
  ADD CONSTRAINT `schedule_ibfk_1` FOREIGN KEY (`destination`) REFERENCES `campus` (`campusId`),
  ADD CONSTRAINT `schedule_ibfk_2` FOREIGN KEY (`campus_From`) REFERENCES `campus` (`campusId`);

--
-- Constraints for table `student`
--
ALTER TABLE `student`
  ADD CONSTRAINT `student_ibfk_1` FOREIGN KEY (`campusId`) REFERENCES `campus` (`campusId`);

--
-- Constraints for table `user`
--
ALTER TABLE `user`
  ADD CONSTRAINT `user_ibfk_1` FOREIGN KEY (`studNo`) REFERENCES `student` (`studNo`);
COMMIT;

/*!40101 SET CHARACTER_SET_CLIENT=@OLD_CHARACTER_SET_CLIENT */;
/*!40101 SET CHARACTER_SET_RESULTS=@OLD_CHARACTER_SET_RESULTS */;
/*!40101 SET COLLATION_CONNECTION=@OLD_COLLATION_CONNECTION */;
